{
    "Wilderness Impact": {
        "0.1": {
            "50": 0.007874015748031496
        },
        "0.2": {
            "50": 0.009243697478991597
        },
        "0.3": {
            "50": 0.011675207353795763
        },
        "0.4": {
            "50": 0.012133371548676794
        },
        "0.5": {
            "50": 0.011475310695170996
        },
        "0.6": {
            "50": 0.010898134495801013
        },
        "0.7": {
            "50": 0.011359283730728718
        },
        "0.8": {
            "50": 0.011328447848366301
        },
        "0.9": {
            "50": 0.011377919622266185
        }
    },
    "avg_precision": {
        "0.1": {
            "50": 0
        },
        "0.2": {
            "50": 0
        },
        "0.3": {
            "50": 0
        },
        "0.4": {
            "50": 0
        },
        "0.5": {
            "50": 0
        },
        "0.6": {
            "50": 0
        },
        "0.7": {
            "50": 0
        },
        "0.8": {
            "50": 0
        },
        "0.9": {
            "50": 0
        }
    },
    "Absolute OSE (total_num_unk_det_as_known)": {
        "50": 1109.0
    },
    "total_num_unk": 16768,
    "class_names":["airplane", "bicycle", "bird", "boat", "bottle", "bus", "car", "cat", "chair", 
            "cow", "dining table", "dog", "horse", "motorcycle", "person", "potted plant",
            "sheep", "couch", "train", "tv","truck", "traffic light", "fire hydrant", 
            "stop sign", "parking meter", "bench", "elephant", "bear", "zebra", 
            "giraffe", "backpack", "umbrella", "handbag", "tie", "suitcase", "microwave",
            "oven", "toaster", "sink", "refrigerator"],
    "AP50": [
        "70.1",
        "47.7",
        "52.8",
        "25.2",
        "15.6",
        "63.4",
        "44.1",
        "70.9",
        "13.4",
        "61.8",
        "16.8",
        "75.9",
        "74.5",
        "59.4",
        "39.9",
        "22.6",
        "58.4",
        "45.5",
        "57.8",
        "51.7",
        "14.9",
        "6.1",
        "56.5",
        "58.7",
        "32.0",
        "3.8",
        "61.5",
        "68.3",
        "73.6",
        "76.6",
        "3.9",
        "21.4",
        "1.6",
        "6.9",
        "15.4",
        "28.0",
        "14.0",
        "17.4",
        "12.1",
        "23.5",
        "0.0",
        "0.0",
        "0.0",
        "0.0",
        "0.0",
        "0.0",
        "0.0",
        "0.0",
        "0.0",
        "0.0",
        "0.0",
        "0.0",
        "0.0",
        "0.0",
        "0.0",
        "0.0",
        "0.0",
        "0.0",
        "0.0",
        "0.0",
        "0.0",
        "0.0",
        "0.0",
        "0.0",
        "0.0",
        "0.0",
        "0.0",
        "0.0",
        "0.0",
        "0.0",
        "0.0",
        "0.0",
        "0.0",
        "0.0",
        "0.0",
        "0.0",
        "0.0",
        "0.0",
        "0.0",
        "0.0"
    ],
    "Precisions50": [
        "28.5",
        "31.6",
        "37.9",
        "8.0",
        "10.9",
        "36.5",
        "20.1",
        "61.6",
        "20.5",
        "29.6",
        "20.9",
        "65.3",
        "51.5",
        "31.7",
        "43.8",
        "17.7",
        "58.3",
        "28.7",
        "25.0",
        "21.4",
        "11.8",
        "3.7",
        "11.3",
        "0.7",
        "2.1",
        "4.2",
        "25.7",
        "13.7",
        "56.1",
        "57.3",
        "4.0",
        "15.6",
        "4.1",
        "4.5",
        "10.6",
        "6.9",
        "17.2",
        "0.2",
        "10.9",
        "10.8",
        "0.0",
        "0.0",
        "0.0",
        "0.0",
        "0.0",
        "0.0",
        "0.0",
        "0.0",
        "0.0",
        "0.0",
        "0.0",
        "0.0",
        "0.0",
        "0.0",
        "0.0",
        "0.0",
        "0.0",
        "0.0",
        "0.0",
        "0.0",
        "0.0",
        "0.0",
        "0.0",
        "0.0",
        "0.0",
        "0.0",
        "0.0",
        "0.0",
        "0.0",
        "0.0",
        "0.0",
        "0.0",
        "0.0",
        "0.0",
        "0.0",
        "0.0",
        "0.0",
        "0.0",
        "0.0",
        "0.0"
    ],
    "Recall50": [
        "82.4",
        "60.0",
        "63.4",
        "48.0",
        "33.9",
        "67.3",
        "58.9",
        "82.5",
        "22.8",
        "69.7",
        "32.4",
        "82.5",
        "83.1",
        "70.5",
        "51.9",
        "44.3",
        "65.1",
        "61.2",
        "67.1",
        "64.9",
        "44.1",
        "31.8",
        "64.8",
        "75.3",
        "52.4",
        "20.4",
        "76.1",
        "80.8",
        "79.6",
        "79.1",
        "18.6",
        "38.8",
        "11.0",
        "21.5",
        "31.0",
        "33.6",
        "19.0",
        "35.3",
        "23.1",
        "35.0",
        "0.0",
        "0.0",
        "0.0",
        "0.0",
        "0.0",
        "0.0",
        "0.0",
        "0.0",
        "0.0",
        "0.0",
        "0.0",
        "0.0",
        "0.0",
        "0.0",
        "0.0",
        "0.0",
        "0.0",
        "0.0",
        "0.0",
        "0.0",
        "0.0",
        "0.0",
        "0.0",
        "0.0",
        "0.0",
        "0.0",
        "0.0",
        "0.0",
        "0.0",
        "0.0",
        "0.0",
        "0.0"
    ],
    "Prev class AP50": 48.38169914106292,
    "Prev class Precisions50": 32.477556378816715,
    "Prev class Recall50": 60.59415324226328,
    "Current class AP50": 29.81451636695683,
    "Current class Precisions50": 13.579355091977282,
    "Current class Recall50": 43.57135654644176,
    "Known AP50": 39.09810775400987,
    "Known Precisions50": 23.028455735396996,
    "Known Recall50": 52.082754894352526,
    "Unknown AP50": 0.0,
    "Unknown Precisions50": 0,
    "Unknown Recall50": 0
}